amp_id,id,name,sequence,activity,source,length,net_charge_pH7,isoelectric_point,hydrophobicity_eisenberg,hydrophobic_moment,amphipathicity,instability_index,aromaticity,fraction_positive,fraction_negative,fraction_helix,fraction_sheet,fraction_turn,aliphatic_index,boman_index,molecular_weight,ab_proba,low_complexity
AMP_01454,DRAMP16538,DRAMP16538,LLRAIEAQQHLLQLTVWQIKQLQARILAVERYLKDQ,antibacterial,DRAMP4.0,36,2.091439704125391,10.20438918005675,-0.0288888888888888,0.4870828131039625,0.4870828131039625,55.85555555555556,0.0555555555555555,0.1388888888888889,0.0833333333333333,0.8333333333333334,0.6388888888888888,0.1111111111111111,146.38888888888886,1.4605555555555554,4328.129639999999,0.9849350186014758,False
AMP_01820,DRAMP17013,DRAMP17013,IEKKIEAIEKKIEAIEKLLQLTVWGIKQLQARIL,antibacterial,DRAMP4.0,34,2.0050863987095218,9.98573507834226,0.0399999999999999,0.5876176907283125,0.5876176907283125,90.59411764705882,0.0294117647058823,0.2058823529411765,0.1470588235294117,0.9117647058823528,0.5294117647058824,0.2058823529411764,154.99999999999997,0.8729411764705882,3987.86894,0.9838517097036363,False
AMP_02868,DRAMP17022,DRAMP17022,IEEKIEEIEELLQLTVWGIKQLQARIL,antibacterial,DRAMP4.0,27,-2.9919583431366523,4.253489534836263,0.097037037037037,0.5047732731413463,0.5047732731413463,128.5851851851852,0.037037037037037,0.1111111111111111,0.2222222222222222,0.8888888888888888,0.5925925925925926,0.1111111111111111,158.88888888888889,1.0277777777777777,3235.8116400000004,0.9816956667598755,False
AMP_01282,DRAMP16537,DRAMP16537,NLLRAIEAQQHLLQLTVWQIKQLQARILAVERYLKDQ,antibacterial,DRAMP4.0,37,2.091439704125391,10.20438918005675,-0.0491891891891891,0.4870828131039625,0.4870828131039625,54.61621621621622,0.054054054054054,0.1351351351351351,0.081081081081081,0.8108108108108109,0.6216216216216216,0.1351351351351351,142.43243243243245,1.6005405405405404,4442.233439999999,0.9810823725831659,False
AMP_00741,DRAMP15660,DRAMP15660,QARQLLSGIVQQQNNLLRAIEAQQHLLQLTVWGIKQLQARIL,antibacterial,DRAMP4.0,42,3.0903635452948937,12.194707701914012,0.0226190476190476,0.5654218811829264,0.5654218811829264,58.345238095238095,0.0238095238095238,0.0952380952380952,0.0238095238095238,0.7619047619047619,0.6428571428571429,0.1428571428571428,144.04761904761904,1.2604761904761903,4832.67594,0.9794512564520581,False
AMP_01647,DRAMP16539,DRAMP16539,LRAIEAQQHLLQLTVWQIKQLQARILAVERYLKDQ,antibacterial,DRAMP4.0,35,2.091439704125391,10.20438918005675,-0.0599999999999999,0.4870828131039625,0.4870828131039625,57.16571428571429,0.0571428571428571,0.1428571428571428,0.0857142857142857,0.8285714285714286,0.6285714285714286,0.1142857142857142,139.42857142857142,1.6428571428571426,4214.97024,0.9774161726749839,False
AMP_01818,DRAMP16957,DRAMP16957,IKKEIEAIKKEQEAIKKLLQLTVWGIKQLQARIL,antibacterial,DRAMP4.0,34,4.003016242111707,10.4407691443339,-0.0479411764705882,0.6352626734162112,0.6352626734162112,53.39705882352941,0.0294117647058823,0.2352941176470588,0.1176470588235294,0.9117647058823528,0.5294117647058824,0.2352941176470588,143.52941176470588,1.1435294117647057,4001.89884,0.9766442614668972,False
AMP_01646,DRAMP16507,DRAMP16507,NNLLRAIEAQQHLLQLTVWQIKQLQARILAVERYL,antibacterial,DRAMP4.0,35,2.0912882538223903,10.42201419081539,0.0185714285714286,0.4870828131039625,0.4870828131039625,59.591428571428565,0.0571428571428571,0.1142857142857142,0.0571428571428571,0.7714285714285715,0.6285714285714286,0.1142857142857142,150.57142857142858,1.3157142857142858,4184.943839999999,0.9758971534502134,False
AMP_01479,DRAMP16979,DRAMP16979,ATHQETIEKVTEALKINNLRLVTLEHQVLVIGLKVE,antibacterial,DRAMP4.0,36,-0.8122103179162842,6.065420158673078,0.0730555555555555,0.6040396054344742,0.6040396054344742,17.280555555555555,0.0,0.1111111111111111,0.1388888888888889,0.7222222222222222,0.5555555555555556,0.1666666666666666,143.33333333333334,1.1261111111111108,4080.78124,0.9754793844516769,False
AMP_02105,DRAMP16542,DRAMP16542,IEAQQHLLQLTVWQIKQLQARILAVERYLKDQ,antibacterial,DRAMP4.0,32,1.0914430154256414,9.657814822159708,-0.0390624999999999,0.4711608136494853,0.4711608136494853,55.56875,0.0625,0.125,0.09375,0.84375,0.65625,0.125,137.18750000000003,1.5409374999999998,3874.54454,0.975442455345681,False
AMP_01644,DRAMP16402,DRAMP16402,WQEWEQKITALLEQAQIQQEKIEYELQKLIEWEWF,antibacterial,DRAMP4.0,35,-4.9895502344151,4.032750105019659,-0.0208571428571428,0.592464364050512,0.592464364050512,49.33714285714287,0.1714285714285714,0.0857142857142857,0.2285714285714285,0.9428571428571428,0.6285714285714286,0.1142857142857142,94.85714285714285,1.6382857142857143,4536.119739999999,0.9750995163577022,False
AMP_02867,DRAMP17015,DRAMP17015,IEKKIEAIEKLLQLTVWGIKQLQARIL,antibacterial,DRAMP4.0,27,2.0021262209219097,10.1818481804803,0.0911111111111111,0.5876176907283125,0.5876176907283125,82.0851851851852,0.037037037037037,0.1851851851851851,0.1111111111111111,0.8888888888888888,0.5925925925925926,0.1851851851851851,162.59259259259258,0.6151851851851852,3175.8921400000004,0.9737953680909817,False
AMP_01008,DRAMP16382,DRAMP16382,LSGIVQQQNNLLRAIEAQQHLLQLTVWGIKQLQARILAV,antibacterial,DRAMP4.0,39,2.090366856595144,11.374427628703415,0.1333333333333333,0.5654218811829264,0.5654218811829264,57.12564102564103,0.0256410256410256,0.0769230769230769,0.0256410256410256,0.7692307692307693,0.6410256410256411,0.1538461538461538,152.56410256410254,0.7133333333333333,4406.200240000001,0.9732955558376171,False
AMP_01981,DRAMP16541,DRAMP16541,AIEAQQHLLQLTVWQIKQLQARILAVERYLKDQ,antibacterial,DRAMP4.0,33,1.0914430154256414,9.657814822159708,-0.019090909090909,0.4711608136494853,0.4711608136494853,54.18787878787878,0.0606060606060606,0.1212121212121212,0.0909090909090909,0.8484848484848485,0.6363636363636364,0.1212121212121212,136.06060606060603,1.4393939393939392,3945.62334,0.9725160722939431,False
AMP_01780,DRAMP15653,DRAMP15653,TLTVQARQLLSGIVQQQNNLLRAIEAQQHLLQLT,antibacterial,DRAMP4.0,34,1.090661890447148,10.928351414389908,0.025,0.5654218811829264,0.5654218811829264,55.54705882352942,0.0,0.0588235294117647,0.0294117647058823,0.7058823529411765,0.6764705882352942,0.1176470588235294,140.58823529411762,1.3638235294117649,3840.44104,0.9712307307491205,False
AMP_02190,DRAMP04786,DRAMP04786,RVIRVVQRACRAIRHIVRRIRQGLRRILRVV,antibacterial,DRAMP4.0,31,11.02688225007373,13.133311102166772,-0.4006451612903224,1.0990439260816598,1.0990439260816598,103.30645161290325,0.0,0.3548387096774194,0.0,0.5483870967741935,0.5161290322580645,0.064516129032258,150.64516129032256,3.720645161290322,3818.73994,0.9710002504910271,False
AMP_02417,DRAMP17024,DRAMP17024,GGGIEEKIEEIEELLQLTVWGIKQLQARIL,antibacterial,DRAMP4.0,30,-2.9919583431366523,4.253489534836263,0.1353333333333333,0.5047732731413463,0.5047732731413463,122.12333333333332,0.0333333333333333,0.1,0.2,0.8,0.5333333333333333,0.2,142.99999999999997,0.8309999999999997,3406.9673400000006,0.9706904727224835,False
AMP_01010,DRAMP16401,DRAMP16401,WQEWEQKITALLEQAQIQQEKNEYELQKLAEWAGLWAWF,antibacterial,DRAMP4.0,39,-3.9913253571609095,4.129108578432351,0.0174358974358974,0.4213866959938949,0.4213866959938949,27.164102564102567,0.1794871794871794,0.0769230769230769,0.1794871794871795,0.8974358974358975,0.5641025641025641,0.1538461538461538,82.8205128205128,1.3689743589743588,4864.45014,0.9700000147048913,False
AMP_02841,DRAMP16547,DRAMP16547,HLLQLTVWQIKQLQARILAVERYLKDQ,antibacterial,DRAMP4.0,27,2.089667892679832,10.207021147944031,-0.0299999999999999,0.4711608136494853,0.4711608136494853,40.6,0.074074074074074,0.1481481481481481,0.074074074074074,0.8148148148148148,0.6666666666666666,0.1481481481481481,144.44444444444443,1.412962962962963,3304.929440000001,0.9685227795785021,False
AMP_02228,DRAMP16543,DRAMP16543,EAQQHLLQLTVWQIKQLQARILAVERYLKDQ,antibacterial,DRAMP4.0,31,1.0914430154256414,9.657814822159708,-0.0848387096774193,0.4711608136494853,0.4711608136494853,42.86451612903225,0.064516129032258,0.1290322580645161,0.0967741935483871,0.8387096774193549,0.6451612903225806,0.1290322580645161,129.0322580645161,1.7493548387096771,3761.38514,0.9671563883198458,False
AMP_10073,DRAMP17576,DRAMP17576,PKTKAKAKAKKGKGKD,antibacterial,DRAMP4.0,16,6.996070512731719,11.02015212457627,-0.625625,0.2204839216019674,0.2204839216019674,-11.85,0.0,0.5,0.0625,0.75,0.0625,0.75,18.75,3.02375,1684.05864,0.9670422374097996,False
AMP_01619,DRAMP16236,DRAMP16236,DFLEENITALLEEAQIQQEKNMYELQKLNSWDVFG,antibacterial,DRAMP4.0,35,-5.991912477744706,3.6036213864572346,-0.0074285714285714,0.4094904556063573,0.4094904556063573,61.248571428571424,0.1142857142857142,0.0571428571428571,0.2285714285714285,0.8,0.5142857142857142,0.2857142857142857,92.0,1.826,4187.64404,0.9666487540193862,False
AMP_02974,DRAMP16548,DRAMP16548,LLQLTVWQIKQLQARILAVERYLKDQ,antibacterial,DRAMP4.0,26,1.9987588017707405,10.206990155391397,-0.0157692307692307,0.4711608136494853,0.4711608136494853,41.77692307692308,0.0769230769230769,0.1538461538461538,0.0769230769230769,0.8461538461538461,0.6923076923076923,0.1538461538461538,150.0,1.2880769230769231,3167.7883400000005,0.9666291860022849,False
AMP_01994,DRAMP16601,DRAMP16601,NISQSLEQAQIQQEKNMYELQKLNSWDVFTNWL,antibacterial,DRAMP4.0,33,-1.99768433013714,4.11641290364787,-0.0763636363636363,0.3886901710905862,0.3886901710905862,67.91212121212122,0.1212121212121212,0.0606060606060606,0.1212121212121212,0.7272727272727273,0.5757575757575758,0.3333333333333333,82.72727272727273,2.0484848484848484,4027.47704,0.9664755550375074,False
AMP_02116,DRAMP16602,DRAMP16602,ISQSLEQAQIQQEKNMYELQKLNSWDVFTNWL,antibacterial,DRAMP4.0,32,-1.99768433013714,4.11641290364787,-0.054375,0.3886901710905862,0.3886901710905862,55.99062500000001,0.125,0.0625,0.125,0.75,0.59375,0.3125,85.31249999999999,1.905,3913.37324,0.9664335660787869,False
AMP_00940,DRAMP17008,DRAMP17008,LLQLTVWGIKQLQARILAIKKEIEAIKKEQEAIKKKIEAI,antibacterial,DRAMP4.0,40,4.004496331005513,10.347779556177557,0.00325,0.6447669495152767,0.6447669495152767,57.8725,0.025,0.225,0.125,0.925,0.5,0.225,146.5,0.9445,4627.66484,0.9657649280343863,False
AMP_02119,DRAMP17025,DRAMP17025,CCCGGIEEKIEEIEELLQLTVWGIKQLQARIL,antibacterial,DRAMP4.0,32,-3.177882490912727,4.253387508448213,0.1390625,0.5047732731413463,0.5047732731413463,111.259375,0.03125,0.09375,0.1875,0.75,0.59375,0.25,134.0625,0.6884375,3659.33184,0.9653573929645638,False
AMP_01413,DRAMP15664,DRAMP15664,SGIVQQQNNLLRAIEAQQHLLQLTVWGIKQLQARIL,antibacterial,DRAMP4.0,36,2.090366856595144,11.374427628703415,0.0677777777777778,0.5654218811829264,0.5654218811829264,61.05277777777778,0.0277777777777777,0.0833333333333333,0.0277777777777777,0.75,0.6388888888888888,0.1666666666666666,143.61111111111111,1.0719444444444444,4122.82944,0.9643426199772103,False
AMP_09734,DRAMP16031,DRAMP16031,LRAAQEQQEKLEAALRE,antibacterial,DRAMP4.0,17,-0.9952168660765176,4.729469416197389,-0.3770588235294117,0.5019496026501907,0.5019496026501907,72.39411764705882,0.0,0.1764705882352941,0.2352941176470588,0.8823529411764706,0.3529411764705882,0.0588235294117647,92.3529411764706,3.367647058823529,1983.21184,0.9642087936853028,False
AMP_01411,DRAMP15652,DRAMP15652,MTLTVQARQLLSGIVQQQNNLLRAIEAQQHLLQLTV,antibacterial,DRAMP4.0,36,1.090661890447148,10.928351414389908,0.0713888888888888,0.5654218811829264,0.5654218811829264,52.21666666666667,0.0,0.0555555555555555,0.0277777777777777,0.7222222222222222,0.6944444444444444,0.1111111111111111,140.83333333333331,1.1105555555555555,4070.76624,0.9641130876474836,False
AMP_00844,DRAMP16922,DRAMP16922,IEKKIEEIEKKIEEIEKKIEEIEKLLQLTVWGIKQLQARIL,antibacterial,DRAMP4.0,41,-0.9866280552654376,5.204866573680192,-0.093170731707317,0.7026302616988223,0.7026302616988223,134.14390243902437,0.024390243902439,0.2195121951219512,0.2439024390243902,0.926829268292683,0.4878048780487805,0.2195121951219512,142.6829268292683,1.6734146341463414,4973.95584,0.9635139071180687,False
AMP_10386,DRAMP14497,DRAMP14497,GKRKKKGKLGKKRDP,antibacterial,DRAMP4.0,15,7.996358923983221,11.812968336977065,-0.9226666666666664,0.2195364339381374,0.2195364339381374,24.5,0.0,0.6,0.0666666666666666,0.6,0.0666666666666666,0.8,26.0,4.644666666666667,1724.12934,0.9628737747344729,False
AMP_10460,DRAMP09324,DRAMP09324,KRKKKGKGLGKKRDP,antibacterial,DRAMP4.0,15,7.996358923983221,11.812968336977065,-0.9226666666666666,0.2406509378525262,0.2406509378525262,30.160000000000004,0.0,0.6,0.0666666666666666,0.6,0.0666666666666666,0.8,26.0,4.644666666666667,1724.12934,0.9628737747344729,False
AMP_01412,DRAMP15659,DRAMP15659,LTVQARQLLSGIVQQQNNLLRAIEAQQHLLQLTVWG,antibacterial,DRAMP4.0,36,1.090661890447148,10.928351414389908,0.0908333333333333,0.5654218811829264,0.5654218811829264,50.13611111111111,0.0277777777777777,0.0555555555555555,0.0277777777777777,0.7222222222222222,0.6666666666666666,0.1388888888888889,140.83333333333331,1.0136111111111117,4081.73364,0.9625105403867551,False
AMP_02247,DRAMP17023,DRAMP17023,CCGGIEEKIEEIEELLQLTVWGIKQLQARIL,antibacterial,DRAMP4.0,31,-3.1159077749873685,4.253421512898058,0.1341935483870967,0.5047732731413463,0.5047732731413463,114.52580645161292,0.032258064516129,0.0967741935483871,0.1935483870967742,0.7741935483870968,0.5806451612903226,0.2258064516129032,138.38709677419354,0.7519354838709675,3556.193040000001,0.962335088436595,False
AMP_01781,DRAMP15667,DRAMP15667,RAIEAQQHLLQLTVWGIKQLQARILAVERYLKDQ,antibacterial,DRAMP4.0,34,2.091439704125391,10.20438918005675,-0.0538235294117646,0.4870828131039625,0.4870828131039625,47.34117647058824,0.0588235294117647,0.1470588235294117,0.088235294117647,0.7941176470588235,0.5882352941176471,0.1470588235294117,132.05882352941174,1.6452941176470588,4030.73204,0.9622991772356974,False
AMP_01433,DRAMP16384,DRAMP16384,WQEWEQKVRYLEANITALLEQAQIQQEKNEYELQKL,antibacterial,DRAMP4.0,36,-2.9921790826794723,4.377240867819637,-0.1841666666666666,0.5427600024597633,0.5427600024597633,44.65277777777778,0.1111111111111111,0.1111111111111111,0.1944444444444444,0.8333333333333334,0.5555555555555556,0.1944444444444444,92.2222222222222,2.3772222222222217,4492.024340000001,0.9622571482460712,False
AMP_01434,DRAMP16390,DRAMP16390,WNWFITALLEQAQIQQEKNEYELQKLDKWASLWNWF,antibacterial,DRAMP4.0,36,-1.9962042412433336,4.32971751736477,0.0397222222222222,0.4968439321924621,0.4968439321924621,31.51388888888889,0.2222222222222222,0.0833333333333333,0.1388888888888889,0.8333333333333334,0.5833333333333334,0.25,84.16666666666667,1.3572222222222223,4599.18374,0.9611345725343011,False
AMP_02106,DRAMP16572,DRAMP16572,LEANISQSLEQAQIQQEKNMYELQKLNSWDVF,antibacterial,DRAMP4.0,32,-2.99590920739133,3.958543770480901,-0.081875,0.3704610146508797,0.3704610146508797,73.80312500000001,0.09375,0.0625,0.15625,0.78125,0.53125,0.3125,88.43749999999999,2.05375,3826.249240000001,0.9607623256571705,False
AMP_00549,DRAMP15658,DRAMP15658,TLTVQARQLLSGIVQQQNNLLRAIEAQQHLLQLTVWGIKQLQAR,antibacterial,DRAMP4.0,44,3.0903635452948937,12.194707701914012,0.0125,0.5654218811829264,0.5654218811829264,51.77045454545455,0.0227272727272727,0.0909090909090909,0.0227272727272727,0.7272727272727273,0.6590909090909091,0.1363636363636363,135.22727272727272,1.3399999999999996,5020.859339999999,0.9604515555161967,False
AMP_01453,DRAMP16426,DRAMP16426,LTWQEWDREINNYTSLIYSLIEESQNQQEENEQELL,antibacterial,DRAMP4.0,36,-7.989072374222647,3.292779363226145,-0.1605555555555555,0.6489321875577291,0.6489321875577291,67.94166666666666,0.1111111111111111,0.0277777777777777,0.25,0.6666666666666666,0.5277777777777778,0.2777777777777778,86.66666666666666,2.8883333333333336,4486.78244,0.9603209601311492,False
AMP_08874,DRAMP16032,DRAMP16032,LRAALQEQQEKLEAALREL,antibacterial,DRAMP4.0,19,-0.9952168660765176,4.729469416197389,-0.2257894736842104,0.5276596298578748,0.5276596298578748,82.9842105263158,0.0,0.1578947368421052,0.2105263157894736,0.8947368421052632,0.4210526315789473,0.0526315789473684,123.68421052631578,2.495263157894737,2209.53064,0.959909468266917,False
AMP_09310,DRAMP16014,DRAMP16014,LRALQEQQEKNEAALREL,antibacterial,DRAMP4.0,18,-0.9952168660765176,4.729469416197389,-0.3749999999999999,0.3829790828195152,0.3829790828195152,91.75555555555556,0.0,0.1666666666666666,0.2222222222222222,0.8333333333333334,0.3888888888888889,0.1111111111111111,103.33333333333331,3.376666666666667,2139.39624,0.9598516876887041,False
AMP_01618,DRAMP16235,DRAMP16235,VDFLEENITALLEEAQIQQEKNMYELQKLNSWDVF,antibacterial,DRAMP4.0,35,-5.991912477744705,3.6036213864572346,0.0097142857142857,0.4094904556063573,0.4094904556063573,56.95428571428572,0.1142857142857142,0.0571428571428571,0.2285714285714285,0.8285714285714286,0.5428571428571428,0.2571428571428571,100.28571428571426,1.7374285714285715,4229.72474,0.9594912901170103,False
AMP_10076,DRAMP18020,DRAMP18020,DGPKKKKKKSPSKSSG,antibacterial,DRAMP4.0,16,5.996365546583723,10.944110781885684,-0.6825,0.2585678648452383,0.2585678648452383,60.91250000000001,0.0,0.4375,0.0625,0.5,0.0,1.0,0.0,3.705625,1686.97254,0.9593900868462203,False
AMP_01129,DRAMP16893,DRAMP16893,SNLLRAIEAQQHLLQLTVWQIKQLQARILAVERYLKDQ,antibacterial,DRAMP4.0,38,2.091439704125391,10.20438918005675,-0.0526315789473683,0.4870828131039625,0.4870828131039625,53.4421052631579,0.0526315789473684,0.131578947368421,0.0789473684210526,0.7894736842105263,0.6052631578947368,0.1578947368421052,138.68421052631578,1.6478947368421053,4529.31164,0.9591215479881122,False
AMP_03617,DRAMP16042,DRAMP16042,RIEALLRALQEQQEKNEAALRE,antibacterial,DRAMP4.0,22,-0.993445054630958,4.853711043018848,-0.3645454545454544,0.5905284071237112,0.5905284071237112,96.86363636363636,0.0,0.1818181818181818,0.2272727272727272,0.8181818181818182,0.3636363636363636,0.0909090909090909,106.81818181818184,3.444545454545454,2608.9374400000006,0.9590861615656977,False
AMP_08875,DRAMP16033,DRAMP16033,ALLRAAQEQQEKLEAALRE,antibacterial,DRAMP4.0,19,-0.9952168660765176,4.729469416197389,-0.2489473684210525,0.5019496026501907,0.5019496026501907,65.82631578947368,0.0,0.1578947368421052,0.2105263157894736,0.8947368421052632,0.3684210526315789,0.0526315789473684,108.42105263157892,2.6589473684210527,2167.45004,0.959057800983216,False
AMP_00926,DRAMP16392,DRAMP16392,WQEWEREISAYTSLITALLEQAQIQQEKIEYELQKLEWEW,antibacterial,DRAMP4.0,40,-5.988333803335848,3.954113784711808,-0.0327499999999999,0.5261329948771932,0.5261329948771932,33.435,0.15,0.075,0.225,0.825,0.575,0.15,95.25,1.8435,5040.61704,0.9589424094538996,False
AMP_01431,DRAMP16336,DRAMP16336,LLDNFESTWEQSKELWEQQEISIQNLHKSALQEYWN,antibacterial,DRAMP4.0,36,-4.90144987099062,4.042544208001345,-0.0983333333333333,0.5080750473373622,0.5080750473373622,73.78611111111111,0.1388888888888889,0.0555555555555555,0.1944444444444444,0.7222222222222222,0.5,0.3055555555555556,78.61111111111111,2.3069444444444445,4465.85574,0.9581317821749064,False
AMP_01814,DRAMP16600,DRAMP16600,ANISQSLEQAQIQQEKNMYELQKLNSWDVFTNWL,antibacterial,DRAMP4.0,34,-1.99768433013714,4.11641290364787,-0.0558823529411764,0.3886901710905862,0.3886901710905862,66.20882352941177,0.1176470588235294,0.0588235294117647,0.1176470588235294,0.7352941176470589,0.5588235294117647,0.3235294117647059,83.23529411764706,1.935,4098.55584,0.9578768011192376,False
AMP_02226,DRAMP16379,DRAMP16379,NNLLRAIEAQQHLLQLTVWGIKQLQARILAV,antibacterial,DRAMP4.0,31,2.090366856595144,11.374427628703415,0.1267741935483871,0.4870828131039625,0.4870828131039625,62.33870967741935,0.032258064516129,0.0967741935483871,0.032258064516129,0.7741935483870968,0.6129032258064516,0.1290322580645161,157.4193548387097,0.7296774193548388,3552.2266400000003,0.9576655425384539,False
AMP_01620,DRAMP16237,DRAMP16237,FLEENITALLEEAQIQQEKNMYELQKLNSWDVFGN,antibacterial,DRAMP4.0,35,-4.992358961899711,3.762108708266169,-0.004,0.4094904556063573,0.4094904556063573,60.97714285714287,0.1142857142857142,0.0571428571428571,0.2,0.7714285714285715,0.5142857142857142,0.2857142857142857,92.0,1.7665714285714285,4186.65924,0.9570978185171193,False
AMP_01294,DRAMP17020,DRAMP17020,GGGIEKKIEAIEKKIEAIEKLLQLTVWGIKQLQARIL,antibacterial,DRAMP4.0,37,2.005086398709521,9.98573507834226,0.0756756756756756,0.5876176907283125,0.5876176907283125,88.43513513513513,0.027027027027027,0.1891891891891892,0.1351351351351351,0.8378378378378378,0.4864864864864865,0.2702702702702703,142.43243243243242,0.725945945945946,4159.02464,0.9570019214288921,False
AMP_01439,DRAMP16407,DRAMP16407,LEQIWNNMTWMEWDREINNYTSLIHSLIEESQNQQE,antibacterial,DRAMP4.0,36,-5.900863114586861,3.76032113423571,-0.0983333333333333,0.5755878638205636,0.5755878638205636,60.81944444444444,0.1111111111111111,0.0277777777777777,0.1944444444444444,0.6388888888888888,0.5277777777777778,0.2777777777777778,75.83333333333331,2.6075000000000004,4523.928639999999,0.9565171433732114,False
AMP_01658,DRAMP16599,DRAMP16599,EANISQSLEQAQIQQEKNMYELQKLNSWDVFTNWL,antibacterial,DRAMP4.0,35,-2.99590920739133,3.958543770480901,-0.0754285714285714,0.3886901710905862,0.3886901710905862,64.60285714285715,0.1142857142857142,0.0571428571428571,0.1428571428571428,0.7428571428571429,0.5428571428571428,0.3142857142857143,80.85714285714286,2.0742857142857147,4227.67134,0.9565122616207127,False
AMP_02712,DRAMP16514,DRAMP16514,NNLLRAIEAQQHLLQLTVWQIKQLQARI,antibacterial,DRAMP4.0,28,2.090366856595144,11.374427628703415,-0.0057142857142856,0.4870828131039625,0.4870828131039625,67.80357142857143,0.0357142857142857,0.1071428571428571,0.0357142857142857,0.7857142857142857,0.6428571428571429,0.1071428571428571,146.4285714285714,1.4239285714285714,3339.9346400000004,0.9564865663191371,False
AMP_01617,DRAMP16234,DRAMP16234,KVDFLEENITALLEEAQIQQEKNMYELQKLNSWDV,antibacterial,DRAMP4.0,35,-4.9922075115967095,3.8738205689005554,-0.0671428571428571,0.4094904556063573,0.4094904556063573,54.52857142857143,0.0857142857142857,0.0857142857142857,0.2285714285714285,0.8285714285714286,0.5142857142857142,0.2857142857142857,100.28571428571426,1.9811428571428569,4210.72224,0.9557796290896158,False
AMP_01005,DRAMP16061,DRAMP16061,WQEWEQKITALLEQAQIQQEKNEYELQKLDKWASLWEWF,antibacterial,DRAMP4.0,39,-3.9911739068579086,4.185307242441922,-0.0928205128205127,0.4968439321924621,0.4968439321924621,28.84102564102564,0.1794871794871794,0.1025641025641025,0.2051282051282051,0.8974358974358975,0.5641025641025641,0.2051282051282051,77.69230769230768,1.938974358974359,4995.581539999999,0.9555202607307438,False
AMP_02410,DRAMP16604,DRAMP16604,QSLEQAQIQQEKNMYELQKLNSWDVFTNWL,antibacterial,DRAMP4.0,30,-1.99768433013714,4.11641290364787,-0.098,0.3886901710905862,0.3886901710905862,52.63666666666666,0.1333333333333333,0.0666666666666666,0.1333333333333333,0.7666666666666667,0.6,0.3,77.99999999999999,2.0826666666666664,3713.13564,0.9553969285485665,False
AMP_02238,DRAMP16603,DRAMP16603,SQSLEQAQIQQEKNMYELQKLNSWDVFTNWL,antibacterial,DRAMP4.0,31,-1.99768433013714,4.11641290364787,-0.1006451612903225,0.3886901710905862,0.3886901710905862,57.47419354838711,0.1290322580645161,0.064516129032258,0.1290322580645161,0.7419354838709677,0.5806451612903226,0.3225806451612903,75.48387096774194,2.1251612903225805,3800.21384,0.9550859684543922,False
AMP_03338,DRAMP16041,DRAMP16041,AARIEALLRALQEQQEKNEAALRE,antibacterial,DRAMP4.0,24,-0.993445054630958,4.853711043018848,-0.2825,0.5905284071237112,0.5905284071237112,89.625,0.0,0.1666666666666666,0.2083333333333333,0.8333333333333334,0.3333333333333333,0.0833333333333333,106.25,3.0066666666666664,2751.09504,0.9546841123025028,False
AMP_02689,DRAMP16020,DRAMP16020,AEYAARIEALLRALQEQQEKNEAALREL,antibacterial,DRAMP4.0,28,-1.9925203461034608,4.553010149393231,-0.1992857142857143,0.5905284071237112,0.5905284071237112,86.70714285714287,0.0357142857142857,0.1428571428571428,0.2142857142857142,0.8214285714285714,0.3571428571428571,0.1071428571428571,108.57142857142858,2.585,3227.62474,0.954092034812987,False
AMP_01425,DRAMP16177,DRAMP16177,LEANISQSLEQAQIQQEKNMYELQKLNSWDVFTNWL,antibacterial,DRAMP4.0,36,-2.99590920739133,3.958543770480901,-0.0438888888888888,0.3886901710905862,0.3886901710905862,63.08611111111112,0.1111111111111111,0.0555555555555555,0.1388888888888889,0.75,0.5555555555555556,0.3055555555555556,89.44444444444444,1.88,4340.83074,0.9540488585190956,False
AMP_01418,DRAMP15988,DRAMP15988,MTWMEWDREINNYTSLIHSLIEESQNQQEKNEQELL,antibacterial,DRAMP4.0,36,-5.899383025693056,3.952865099068731,-0.1702777777777777,0.5755878638205636,0.5755878638205636,62.74166666666666,0.0833333333333333,0.0555555555555555,0.2222222222222222,0.6666666666666666,0.5,0.2777777777777778,75.83333333333331,2.831111111111112,4480.90124,0.9538644373275985,False
AMP_01114,DRAMP15657,DRAMP15657,TLTVQARQLLSGIVQQQNNLLRAIEAQQHLLQLTVWGI,antibacterial,DRAMP4.0,38,1.090661890447148,10.928351414389908,0.1210526315789474,0.5654218811829264,0.5654218811829264,45.78947368421053,0.0263157894736842,0.0526315789473684,0.0263157894736842,0.7105263157894737,0.6842105263157895,0.131578947368421,143.68421052631578,0.898421052631579,4295.998140000001,0.9536441035953779,False
AMP_01764,DRAMP12609,DRAMP12609,KDLPFNICEKDEDCLEFCAHDKVAKCMLNICFCF,antibacterial,DRAMP4.0,34,-3.277023735800878,4.34356766147539,0.0511764705882352,0.5649416409995113,0.5649416409995113,60.30882352941177,0.1176470588235294,0.1176470588235294,0.2058823529411764,0.7058823529411765,0.5,0.5,71.76470588235293,1.2129411764705882,3986.69694,0.9528754978279138,False
AMP_02388,DRAMP16022,DRAMP16022,AIAEYAARIEALLRALQEQQEKNEAALREL,antibacterial,DRAMP4.0,30,-1.9925203461034608,4.553010149393231,-0.1193333333333333,0.5905284071237112,0.5905284071237112,81.59333333333333,0.0333333333333333,0.1333333333333333,0.2,0.8333333333333334,0.3666666666666666,0.1,117.66666666666669,2.188333333333333,3411.8629400000004,0.9523399364069014,False
AMP_02526,DRAMP16021,DRAMP16021,IAEYAARIEALLRALQEQQEKNEAALREL,antibacterial,DRAMP4.0,29,-1.9925203461034608,4.553010149393231,-0.1448275862068965,0.5905284071237112,0.5905284071237112,84.06206896551724,0.0344827586206896,0.1379310344827586,0.2068965517241379,0.8275862068965517,0.3793103448275862,0.1034482758620689,118.27586206896552,2.326206896551724,3340.78414,0.9513599537886877,False
AMP_01420,DRAMP16172,DRAMP16172,SSESFTLLEQWNNWKLQLAEQWLEQINEKHYLEDIS,antibacterial,DRAMP4.0,36,-4.90144987099062,4.042544208001345,-0.0452777777777777,0.5720047209546021,0.5720047209546021,70.05000000000001,0.1388888888888889,0.0555555555555555,0.1944444444444444,0.7222222222222222,0.5,0.3055555555555556,89.44444444444444,2.016388888888889,4450.884440000001,0.9501276795962994,False
AMP_09752,DRAMP18017,DRAMP18017,GSSKSPSKKKKKKPGDC,antibacterial,DRAMP4.0,17,5.934390830658365,10.67939022090286,-0.6252941176470589,0.2585678648452383,0.2585678648452383,53.48235294117647,0.0,0.4117647058823529,0.0588235294117647,0.4705882352941176,0.0588235294117647,1.0,0.0,3.4123529411764704,1790.11134,0.9499194934847655,False
AMP_09380,DRAMP09674,DRAMP09674,GKHKNKGKKNGKHNGWKL,antibacterial,DRAMP4.0,18,7.1777372442469005,11.31987760681659,-0.5472222222222222,0.3969931984372767,0.3969931984372767,15.483333333333333,0.0555555555555555,0.3888888888888889,0.0,0.5,0.1111111111111111,0.7777777777777778,21.666666666666664,3.171111111111111,2059.40774,0.9497511425196907,False
AMP_09379,DRAMP09671,DRAMP09671,LGKHKNKGKKNGKHNGWK,antibacterial,DRAMP4.0,18,7.1777372442469005,11.31987760681659,-0.5472222222222222,0.3969931984372767,0.3969931984372767,20.200000000000003,0.0555555555555555,0.3888888888888889,0.0,0.5,0.1111111111111111,0.7777777777777778,21.666666666666664,3.1711111111111108,2059.40774,0.9497511425196907,False
AMP_01362,DRAMP04795,DRAMP04795,VRRVWRRVVRVVRRWVRRVRRVWRRVVRVVRRWVRR,antibacterial,DRAMP4.0,36,17.997924695988246,13.710492776706817,-0.755,1.1812831492175753,1.1812831492175753,164.11666666666667,0.1111111111111111,0.5,0.0,0.5,0.5,0.0,112.77777777777776,5.629999999999999,4962.09944,0.949418681657483,False
AMP_03529,DRAMP16867,DRAMP16867,AVALVEAKQARSDIEKLKEAIRD,antibacterial,DRAMP4.0,23,0.003310911783674,7.164476309902966,-0.1943478260869565,0.6225083873175808,0.6225083873175808,50.68695652173913,0.0,0.217391304347826,0.217391304347826,0.8695652173913043,0.3043478260869565,0.2608695652173913,114.78260869565216,2.4560869565217387,2553.9419400000006,0.9491578542856659,False
AMP_02681,DRAMP13175,DRAMP13175,RLVERIRQLTASLRQLIPQLIQYVRSLL,antibacterial,DRAMP4.0,28,3.9988924514189934,12.306864677928388,-0.0885714285714285,0.7088810169111315,0.7088810169111315,49.12857142857143,0.0357142857142857,0.1785714285714285,0.0357142857142857,0.6428571428571429,0.6428571428571429,0.1428571428571428,163.57142857142856,1.9282142857142852,3377.08324,0.9488923542770058,False
AMP_00843,DRAMP16917,DRAMP16917,IKKEIEAIKKEQEAIKKKIEAIEKLLQLTVWGIKQLQARIL,antibacterial,DRAMP4.0,41,4.005976419899318,10.272004290483892,-0.0665853658536585,0.6162839797014779,0.6162839797014779,65.35121951219513,0.024390243902439,0.2439024390243902,0.1463414634146341,0.926829268292683,0.4878048780487805,0.2439024390243902,140.48780487804876,1.267073170731707,4813.875640000001,0.9487752012587382,False
AMP_01408,DRAMP15648,DRAMP15648,ARSMTLTVQARQLLSGIVQQQNNLLRAIEAQQHLLQ,antibacterial,DRAMP4.0,36,2.090658579146898,12.181064850650728,-0.0447222222222222,0.5654218811829264,0.5654218811829264,64.42222222222223,0.0,0.0833333333333333,0.0277777777777777,0.6944444444444444,0.6111111111111112,0.1388888888888889,124.72222222222224,1.7466666666666668,4071.71364,0.9487644041305303,False
AMP_01742,DRAMP12455,DRAMP12455,DRIPCIDDMDCPDMFPSLNTQCIDNFCDVVLGYN,antibacterial,DRAMP4.0,34,-6.247642900742215,2.9624928201083094,0.0614705882352941,0.5783621443193397,0.5783621443193397,11.014705882352942,0.088235294117647,0.0294117647058823,0.2058823529411764,0.5588235294117647,0.5294117647058824,0.5882352941176471,74.41176470588235,1.7097058823529412,3883.38214,0.9485924524223279,False
AMP_02719,DRAMP16606,DRAMP16606,LEQAQIQQEKNMYELQKLNSWDVFTNWL,antibacterial,DRAMP4.0,28,-1.99768433013714,4.11641290364787,-0.0682142857142857,0.3886901710905862,0.3886901710905862,39.989285714285714,0.1428571428571428,0.0714285714285714,0.1428571428571428,0.7857142857142857,0.6071428571428571,0.2857142857142857,83.57142857142857,1.9121428571428567,3497.92674,0.9482106969908553,False
AMP_02085,DRAMP12722,DRAMP12722,YIQCDFDADCPEMFRHIFYLCIDKLCRQFVTL,antibacterial,DRAMP4.0,32,-2.157446898922895,4.40103419078514,0.0990624999999999,0.7241366330319016,0.7241366330319016,49.2875,0.1875,0.09375,0.15625,0.65625,0.65625,0.375,85.31249999999999,1.2784375,3947.63254,0.9481708330617958,False
AMP_09729,DRAMP15892,DRAMP15892,RKRKKMPASQRSKRRKT,antibacterial,DRAMP4.0,17,9.996492573631476,13.089776461943984,-1.178235294117647,0.3037358370792652,0.3037358370792652,174.98823529411766,0.0,0.5882352941176471,0.0,0.4705882352941176,0.1764705882352941,0.4705882352941176,5.88235294117647,6.652941176470588,2142.60354,0.9479323390834187,False
AMP_01947,DRAMP12484,DRAMP12484,ELVCDTDDDCLKFFPDNPYPMECINSICLSLTD,antibacterial,DRAMP4.0,33,-7.244830861957354,2.990645626327023,0.0751515151515151,0.437396634248051,0.437396634248051,37.52727272727273,0.0909090909090909,0.0303030303030303,0.2424242424242424,0.5757575757575758,0.5151515151515151,0.5757575757575758,79.6969696969697,1.510909090909091,3770.24224,0.9478548402215985,False
AMP_02676,DRAMP13030,DRAMP13030,LLSRVYQILQPILQRLSATLQRIREVLR,antibacterial,DRAMP4.0,28,3.9988924514189934,12.306864677928388,-0.0885714285714285,0.7088810169111317,0.7088810169111317,76.27142857142857,0.0357142857142857,0.1785714285714285,0.0357142857142857,0.6428571428571429,0.6428571428571429,0.1428571428571428,163.57142857142856,1.9282142857142857,3377.08324,0.9475955370542812,False
AMP_01643,DRAMP16395,DRAMP16395,WQEWDREITALLEQAQIQQEKNEYELQKLDEWEWF,antibacterial,DRAMP4.0,35,-6.9883655435533365,3.7501741242595017,-0.1785714285714285,0.5749431233023252,0.5749431233023252,26.92571428571429,0.1714285714285714,0.0857142857142857,0.2857142857142857,0.8857142857142857,0.5428571428571428,0.1714285714285714,72.57142857142857,2.716857142857143,4553.96464,0.9474899026775998,False
AMP_00555,DRAMP17728,DRAMP17728,MTIEQINAEVKQQEMLGNKLEVIQLGNDIYMYINGEPYKTIELI,antibacterial,DRAMP4.0,44,-3.99435482418834,4.045427923556417,0.1018181818181818,0.475190838727406,0.475190838727406,61.15909090909091,0.0681818181818181,0.0681818181818181,0.1590909090909091,0.7045454545454546,0.5681818181818182,0.3409090909090909,112.95454545454544,1.059772727272727,5128.94294,0.9474637405047766,False
AMP_01761,DRAMP12601,DRAMP12601,EDFPFHKCEKDEDCLEICADDQMAMCILNVCFCY,antibacterial,DRAMP4.0,34,-7.275062475414368,3.590830361004919,0.0494117647058823,0.3599730960115097,0.3599730960115097,55.23823529411764,0.1176470588235294,0.0588235294117647,0.2647058823529412,0.7058823529411765,0.5294117647058824,0.4705882352941176,60.29411764705882,1.478235294117647,4022.61234,0.9471685918423705,False
AMP_02532,DRAMP16545,DRAMP16545,QQHLLQLTVWQIKQLQARILAVERYLKDQ,antibacterial,DRAMP4.0,29,2.089667892679831,10.207021147944031,-0.086551724137931,0.4711608136494853,0.4711608136494853,45.13103448275862,0.0689655172413793,0.1379310344827586,0.0689655172413793,0.8275862068965517,0.6896551724137931,0.1379310344827586,134.48275862068962,1.6975862068965517,3561.19084,0.947107898071312,False
AMP_02857,DRAMP16607,DRAMP16607,EQAQIQQEKNMYELQKLNSWDVFTNWL,antibacterial,DRAMP4.0,27,-1.99768433013714,4.11641290364787,-0.11,0.3886901710905862,0.3886901710905862,41.1,0.1481481481481481,0.074074074074074,0.1481481481481481,0.7777777777777778,0.5925925925925926,0.2962962962962963,72.22222222222221,2.165185185185185,3384.7673400000003,0.9464614067744874,False
AMP_01409,DRAMP15649,DRAMP15649,RSMTLTVQARQLLSGIVQQQNNLLRAIEAQQHLLQL,antibacterial,DRAMP4.0,36,2.090658579146898,12.181064850650728,-0.0324999999999999,0.5654218811829264,0.5654218811829264,64.42222222222223,0.0,0.0833333333333333,0.0277777777777777,0.6944444444444444,0.6388888888888888,0.1388888888888889,132.77777777777777,1.660277777777778,4113.79424,0.9463112546504352,False
AMP_01440,DRAMP16408,DRAMP16408,EQIWNNMTWMEWDREINNYTSLIHSLIEESQNQQEK,antibacterial,DRAMP4.0,36,-4.901158148438865,4.0425442927517,-0.1694444444444444,0.5755878638205636,0.5755878638205636,60.81944444444444,0.1111111111111111,0.0555555555555555,0.1944444444444444,0.6388888888888888,0.5,0.3055555555555556,64.99999999999999,2.898333333333334,4538.943339999999,0.9462011088447465,False
AMP_01928,DRAMP04933,DRAMP04933,ERCEKVRGICKTFCDDVEYDYGYCIKWRSQCCV,antibacterial,DRAMP4.0,33,-0.3706454535686584,6.110167146194726,-0.2003030303030303,0.5838390322205386,0.5838390322205386,25.59393939393939,0.1515151515151515,0.1818181818181818,0.1818181818181818,0.5151515151515151,0.5454545454545454,0.5454545454545454,50.0,2.518181818181818,3999.59734,0.946109512752155,False
AMP_03652,DRAMP16868,DRAMP16868,VALVEAKQARSDIEKLKEAIRD,antibacterial,DRAMP4.0,22,0.003310911783674,7.164476309902966,-0.2313636363636363,0.6225083873175808,0.6225083873175808,52.53636363636363,0.0,0.2272727272727272,0.2272727272727272,0.8636363636363636,0.3181818181818182,0.2727272727272727,115.45454545454544,2.65,2482.8631400000004,0.946083810212092,False
AMP_02679,DRAMP13102,DRAMP13102,DLWETLRRIIRWILAIPRRIRQGLELCL,antibacterial,DRAMP4.0,28,2.9399864453125133,11.78529674652964,-0.0739285714285714,0.9685200480182502,0.9685200480182502,103.2642857142857,0.0714285714285714,0.2142857142857142,0.1071428571428571,0.6428571428571429,0.5714285714285714,0.1428571428571428,156.78571428571428,2.041428571428572,3503.26164,0.9460768201846113,False
AMP_00828,DRAMP15666,DRAMP15666,QQQNNLLRAIEAQQHLLQLTVWGIKQLQARILAVERYLKDQ,antibacterial,DRAMP4.0,41,2.091439704125391,10.20438918005675,-0.093170731707317,0.5654218811829264,0.5654218811829264,55.05853658536586,0.048780487804878,0.1219512195121951,0.073170731707317,0.7804878048780488,0.6097560975609756,0.1707317073170731,128.53658536585365,1.8536585365853664,4869.65054,0.9455378225663533,False
AMP_01452,DRAMP16421,DRAMP16421,LIHSLIEESQNQQEKNEQELLELDKWASLWNWFNIT,antibacterial,DRAMP4.0,36,-4.900599456772307,4.04254445573315,-0.0308333333333333,0.456868697740426,0.456868697740426,77.2138888888889,0.1111111111111111,0.0555555555555555,0.1944444444444444,0.75,0.5,0.2777777777777778,100.27777777777776,1.965833333333333,4427.89344,0.9446806228376623,False
AMP_02713,DRAMP16546,DRAMP16546,QHLLQLTVWQIKQLQARILAVERYLKDQ,antibacterial,DRAMP4.0,28,2.089667892679831,10.207021147944031,-0.0592857142857142,0.4711608136494853,0.4711608136494853,39.50714285714286,0.0714285714285714,0.1428571428571428,0.0714285714285714,0.8214285714285714,0.6785714285714286,0.1428571428571428,139.28571428571428,1.5603571428571428,3433.0601400000005,0.9443999763292683,False
AMP_03367,DRAMP16866,DRAMP16866,AAVALVEAKQARSDIEKLKEAIRD,antibacterial,DRAMP4.0,24,0.0033109117836738,7.164476309902966,-0.1604166666666666,0.6225083873175808,0.6225083873175808,48.99166666666667,0.0,0.2083333333333333,0.2083333333333333,0.875,0.2916666666666667,0.25,114.16666666666666,2.2783333333333333,2625.0207400000004,0.9443442357936391,False
AMP_01410,DRAMP15650,DRAMP15650,SMTLTVQARQLLSGIVQQQNNLLRAIEAQQHLLQLT,antibacterial,DRAMP4.0,36,1.090661890447148,10.928351414389908,0.0363888888888888,0.5654218811829264,0.5654218811829264,52.21666666666667,0.0,0.0555555555555555,0.0277777777777777,0.6944444444444444,0.6666666666666666,0.1388888888888889,132.77777777777777,1.3172222222222223,4058.71184,0.9442934679444066,False
AMP_02834,DRAMP16019,DRAMP16019,EYAARIEALLRALQEQQEKNEAALREL,antibacterial,DRAMP4.0,27,-1.9925203461034608,4.553010149393231,-0.2296296296296296,0.5905284071237112,0.5905284071237112,89.54814814814816,0.037037037037037,0.1481481481481481,0.2222222222222222,0.8148148148148148,0.3703703703703703,0.1111111111111111,108.88888888888889,2.747777777777778,3156.54594,0.9437451024115986,False
AMP_01286,DRAMP17934,DRAMP17934,VPGWQSVKKTFDTAEELEIYIKQHGLEYEEQKQLTLF,antibacterial,DRAMP4.0,37,-2.9028903529129404,4.575863701757044,-0.0243243243243243,0.5748466533558388,0.5748466533558388,65.67297297297297,0.1351351351351351,0.1081081081081081,0.1891891891891892,0.7297297297297297,0.5405405405405406,0.2972972972972973,81.62162162162161,1.6327027027027028,4426.98994,0.9435550552954797,False
AMP_01549,DRAMP12448,DRAMP12448,DFPCKTKDDCAQQIDYIAECIIGFCRYFTPFEHPF,antibacterial,DRAMP4.0,35,-3.1559634987288394,4.176766062621027,0.0691428571428571,0.5413751088091163,0.5413751088091163,34.84,0.1999999999999999,0.0857142857142857,0.1714285714285714,0.6,0.5428571428571428,0.4571428571428571,50.28571428571428,1.4691428571428573,4162.73644,0.9432435655872187,False
AMP_09246,DRAMP09884,DRAMP09884,KLYKKWKNKLKRSLKRLG,antibacterial,DRAMP4.0,18,8.995062025609904,11.824936443008482,-0.596111111111111,0.8480409814728326,0.8480409814728326,64.36666666666666,0.1111111111111111,0.5,0.0,0.6666666666666666,0.3333333333333333,0.6111111111111112,86.66666666666666,3.1066666666666665,2287.8696400000003,0.9432016320689501,False
AMP_02548,DRAMP16605,DRAMP16605,SLEQAQIQQEKNMYELQKLNSWDVFTNWL,antibacterial,DRAMP4.0,29,-1.99768433013714,4.11641290364787,-0.0720689655172413,0.3886901710905862,0.3886901710905862,38.95517241379311,0.1379310344827586,0.0689655172413793,0.1379310344827586,0.7586206896551724,0.5862068965517241,0.3103448275862069,80.6896551724138,1.9634482758620688,3585.00494,0.9430476122445183,False
AMP_02704,DRAMP16299,DRAMP16299,EAAAREAAAREAAARLELDKWASLWNWF,antibacterial,DRAMP4.0,28,-0.994773693221763,4.771105576772243,-0.0324999999999999,0.456868697740426,0.456868697740426,10.403571428571428,0.1428571428571428,0.1428571428571428,0.1785714285714285,0.8214285714285714,0.25,0.1428571428571428,77.49999999999999,1.91,3203.56684,0.942940431281024,False
AMP_02555,DRAMP08588,DRAMP08588,GLLRRLRKKIGKKLKKIGQKIKPIRILVP,antibacterial,DRAMP4.0,29,11.995610783375714,12.97418865468353,-0.276206896551724,0.801630914361289,0.801630914361289,32.87931034482759,0.0,0.4137931034482758,0.0,0.6896551724137931,0.4137931034482758,0.4482758620689655,144.48275862068968,1.8468965517241376,3392.40444,0.9427536771202535,False
AMP_09381,DRAMP09677,DRAMP09677,GKHKNKGKKLNGKHNGWK,antibacterial,DRAMP4.0,18,7.1777372442469005,11.31987760681659,-0.5472222222222222,0.276848477140492,0.276848477140492,15.483333333333333,0.0555555555555555,0.3888888888888889,0.0,0.5,0.1111111111111111,0.7777777777777778,21.666666666666664,3.1711111111111108,2059.40774,0.942727477610932,False
AMP_09305,DRAMP15913,DRAMP15913,KRKKEMANKSAPEAKKKK,antibacterial,DRAMP4.0,18,6.9991709627680825,11.0108236791566,-0.7972222222222222,0.4292841489008881,0.4292841489008881,67.92222222222223,0.0,0.5,0.1111111111111111,0.7777777777777778,0.0555555555555555,0.6111111111111112,16.666666666666664,4.177777777777777,2100.55424,0.942435733461498,False
AMP_03966,DRAMP08796,DRAMP08796,FKKFWKWFRRFGGGRWRWRWF,antibacterial,DRAMP4.0,21,7.997082641335485,13.086799351498485,-0.2719047619047618,0.9950489795148004,0.9950489795148004,123.22380952380952,0.4761904761904761,0.3809523809523809,0.0,0.6190476190476191,0.4761904761904761,0.2857142857142857,0.0,2.9466666666666668,3021.5797400000006,0.941646633604343,False
AMP_03969,DRAMP08799,DRAMP08799,RWRWRWFGGGFKKFWKWFRRF,antibacterial,DRAMP4.0,21,7.997082641335485,13.086799351498485,-0.2719047619047618,0.9950489795148004,0.9950489795148004,123.22380952380952,0.4761904761904761,0.3809523809523809,0.0,0.6190476190476191,0.4761904761904761,0.2857142857142857,0.0,2.9466666666666668,3021.5797400000006,0.941646633604343,False
AMP_02854,DRAMP09278,DRAMP09278,KRGFGKKLRKRLKKFRNSIKKRLKNFN,antibacterial,DRAMP4.0,27,13.99531243822346,13.095647444948554,-0.7251851851851853,0.700404091396909,0.700404091396909,33.12222222222223,0.1111111111111111,0.5185185185185185,0.0,0.5925925925925926,0.2592592592592592,0.5555555555555556,57.77777777777777,4.347037037037037,3390.18044,0.9409956565919592,False
AMP_02591,DRAMP08628,DRAMP08628,GLLKRLRKKIGKKLKKIGQMIKHIRILVP,antibacterial,DRAMP4.0,29,11.086523185585056,12.80909761134535,-0.1848275862068965,0.801630914361289,0.801630914361289,35.47931034482759,0.0,0.3793103448275862,0.0,0.7241379310344828,0.4482758620689655,0.4137931034482758,144.48275862068968,1.4120689655172411,3407.43394,0.9409880065701776,False
AMP_10065,DRAMP15912,DRAMP15912,KRPAATKKAGQAKKKK,antibacterial,DRAMP4.0,16,7.995915751128468,11.984885421581566,-0.678125,0.4106298007494871,0.4106298007494871,53.825,0.0,0.5,0.0,0.75,0.125,0.5625,25.0,3.35625,1739.14104,0.940807184445116,False
AMP_01615,DRAMP16232,DRAMP16232,ERKVDFLEENITALLEEAQIQQEKNMYELQKLNSW,antibacterial,DRAMP4.0,35,-3.9908821843061535,4.185307340230793,-0.1657142857142856,0.501112309891537,0.501112309891537,54.52857142857143,0.0857142857142857,0.1142857142857142,0.2285714285714286,0.8,0.4857142857142857,0.2571428571428571,92.0,2.4682857142857144,4281.80404,0.9406987088729474,False
AMP_01614,DRAMP16231,DRAMP16231,WERKVDFLEENITALLEEAQIQQEKNMYELQKLNS,antibacterial,DRAMP4.0,35,-3.9908821843061553,4.185307340230793,-0.1657142857142857,0.501112309891537,0.501112309891537,54.52857142857143,0.0857142857142857,0.1142857142857142,0.2285714285714286,0.8,0.4857142857142857,0.2571428571428571,92.0,2.468285714285714,4281.80404,0.9406987088729474,False
AMP_01616,DRAMP16233,DRAMP16233,RKVDFLEENITALLEEAQIQQEKNMYELQKLNSWD,antibacterial,DRAMP4.0,35,-3.99221082289696,4.112572630401701,-0.1702857142857142,0.501112309891537,0.501112309891537,54.52857142857143,0.0857142857142857,0.1142857142857142,0.2285714285714285,0.8,0.4857142857142857,0.2857142857142857,92.0,2.5228571428571427,4267.777139999999,0.9406987088729474,False
AMP_01419,DRAMP16063,DRAMP16063,YQEWERKVDFLEENITALLEEAQIQQEKNMYELQKL,antibacterial,DRAMP4.0,36,-4.989957475778658,4.092515924479812,-0.1713888888888888,0.5092320305289034,0.5092320305289034,54.46666666666667,0.1111111111111111,0.1111111111111111,0.25,0.8333333333333334,0.5277777777777778,0.2222222222222222,89.44444444444444,2.467777777777778,4501.04424,0.9400045647466283,False
AMP_01416,DRAMP14881,DRAMP14881,MKKRSSIKKICNKCKLIKRFKKLHIICINKKHKQTQ,antibacterial,DRAMP4.0,36,13.990331304610308,11.210955969057975,-0.4008333333333333,0.691097493628926,0.691097493628926,65.84444444444445,0.0277777777777777,0.3888888888888888,0.0,0.6666666666666666,0.4444444444444444,0.5277777777777778,86.66666666666666,2.5266666666666664,4395.55294,0.9398440606942632,False
AMP_10072,DRAMP17572,DRAMP17572,KLTKPKPQAESKKKKK,antibacterial,DRAMP4.0,16,6.997399151322524,11.02015216369182,-0.7437499999999999,0.2473535598106883,0.2473535598106883,18.71875,0.0,0.5,0.0625,0.75,0.1875,0.6875,30.625000000000004,3.499375,1867.30914,0.9396419941969738,False
AMP_10407,DRAMP16044,DRAMP16044,LQEQQEKNEAALREL,antibacterial,DRAMP4.0,15,-1.995213554776268,4.25521405460313,-0.3933333333333333,0.3704306477647565,0.3704306477647565,95.26666666666668,0.0,0.1333333333333333,0.2666666666666666,0.8666666666666667,0.4,0.1333333333333333,91.33333333333331,3.506,1798.97054,0.9396185835605654,False
AMP_02392,DRAMP16544,DRAMP16544,AQQHLLQLTVWQIKQLQARILAVERYLKDQ,antibacterial,DRAMP4.0,30,2.089667892679831,10.207021147944031,-0.0629999999999999,0.4711608136494853,0.4711608136494853,43.96,0.0666666666666666,0.1333333333333333,0.0666666666666666,0.8333333333333334,0.6666666666666666,0.1333333333333333,133.33333333333334,1.5806666666666664,3632.26964,0.9390379351728476,False
AMP_01946,DRAMP12471,DRAMP12471,DILCKVHEDCPQKSTHKYYCIDDECFLYYWEAP,antibacterial,DRAMP4.0,33,-4.06527183606232,4.336753472220153,-0.0357575757575757,0.4444025507117858,0.4444025507117858,61.13333333333333,0.1818181818181818,0.0909090909090909,0.2121212121212121,0.5757575757575758,0.5151515151515151,0.5454545454545454,59.09090909090909,1.739090909090909,4056.5660400000006,0.9389925858020592,False
AMP_01422,DRAMP16174,DRAMP16174,YTGIIYNLLEESQNQQEKNEQELLELDKWANLWNWF,antibacterial,DRAMP4.0,36,-4.993209376118024,3.762108551803976,-0.0419444444444444,0.5104535321065097,0.5104535321065097,42.3,0.1666666666666666,0.0555555555555555,0.1944444444444444,0.7222222222222222,0.5277777777777778,0.3333333333333333,89.44444444444444,1.9502777777777776,4500.94424,0.938830143788394,False
AMP_01567,DRAMP12693,DRAMP12693,YLKFECKTDDDCQKSLLKTYVWKCVKNECYFFAKK,antibacterial,DRAMP4.0,35,2.7500636201769764,8.532907254062593,-0.1659999999999999,0.4533494227735221,0.4533494227735221,24.84,0.2,0.2285714285714285,0.1428571428571428,0.6857142857142857,0.5428571428571428,0.5714285714285714,52.85714285714286,1.8365714285714283,4317.07614,0.9385856190755959,False
AMP_01117,DRAMP16180,DRAMP16180,QQLLDVVKRQQEMLRLTVWGTKNLQARVTAIEKYLKDQ,antibacterial,DRAMP4.0,38,3.000387029667297,10.321148452349007,-0.1949999999999999,0.6368448347903166,0.6368448347903166,53.61052631578948,0.0526315789473684,0.1842105263157894,0.1052631578947368,0.7631578947368421,0.6052631578947368,0.2368421052631578,107.6315789473684,2.2607894736842105,4542.32314,0.9385030805583009,False
AMP_02971,DRAMP16018,DRAMP16018,YAARIEALLRALQEQQEKNEAALREL,antibacterial,DRAMP4.0,26,-0.9942954688492708,4.853707750793546,-0.2099999999999999,0.5905284071237112,0.5905284071237112,92.60769230769232,0.0384615384615384,0.1538461538461538,0.1923076923076923,0.8076923076923077,0.3846153846153846,0.1153846153846153,113.07692307692308,2.5915384615384616,3027.43044,0.9384379727155144,False
AMP_03368,DRAMP16947,DRAMP16947,IKKEIEAIKKEQEAIKKKIEAIEK,antibacterial,DRAMP4.0,24,2.0062747650515727,9.85822510626167,-0.2979166666666667,0.6014447787600744,0.6014447787600744,74.43333333333332,0.0,0.3333333333333333,0.25,1.0,0.2916666666666667,0.3333333333333333,110.0,2.327083333333333,2838.4245400000004,0.9383552861508784,False
AMP_01958,DRAMP12762,DRAMP12762,KSICKVDDDCPQRFVMYPLMFMCIKNICRLVNE,antibacterial,DRAMP4.0,33,0.7514578725273138,7.6924617206677794,-0.0039393939393939,0.8002831372580044,0.8002831372580044,35.9,0.0909090909090909,0.1515151515151515,0.1212121212121212,0.6363636363636364,0.5757575757575758,0.4848484848484848,85.45454545454545,1.4233333333333331,3953.80074,0.9383471511277082,False
AMP_03620,DRAMP16488,DRAMP16488,QQEKNEQELLELDKWASLWNWF,antibacterial,DRAMP4.0,22,-2.995058793173017,3.95854407036677,-0.1213636363636363,0.456868697740426,0.456868697740426,45.53181818181818,0.1818181818181818,0.0909090909090909,0.2272727272727273,0.8636363636363636,0.5,0.2727272727272727,75.45454545454545,2.222727272727273,2835.1245400000003,0.9380988350827977,False
AMP_02987,DRAMP16608,DRAMP16608,QAQIQQEKNMYELQKLNSWDVFTNWL,antibacterial,DRAMP4.0,26,-0.9994594528829496,4.392068398650736,-0.0857692307692307,0.3886901710905862,0.3886901710905862,34.88846153846154,0.1538461538461538,0.0769230769230769,0.1153846153846153,0.7692307692307693,0.6153846153846154,0.3076923076923077,75.0,1.9865384615384607,3255.6518400000004,0.9380148102920894,False
AMP_02531,DRAMP16481,DRAMP16481,LIEESQNQQEKNEQELLELDKWASLWNWF,antibacterial,DRAMP4.0,29,-4.991508547681398,3.762108864728362,-0.1213793103448275,0.456868697740426,0.456868697740426,74.03103448275863,0.1379310344827586,0.0689655172413793,0.2413793103448275,0.8275862068965517,0.4827586206896552,0.2758620689655172,84.13793103448276,2.353793103448276,3648.98704,0.9379986672830019,False
