amp_id,length,ab_proba,mean_plddt,ptm,mean_pae,confidence
AMP_02388,30,0.9523,97.333,0.54,,Very high
AMP_01454,36,0.9849,97.24111111111111,0.6,,Very high
AMP_02689,28,0.9541,97.19785714285715,0.5,,Very high
AMP_01282,37,0.9811,97.10810810810813,0.61,,Very high
AMP_01129,38,0.9591,97.03921052631578,0.62,,Very high
AMP_01781,34,0.9623,96.98852941176472,0.58,,Very high
AMP_01433,36,0.9623,96.95277777777777,0.6,,Very high
AMP_02526,29,0.9514,96.85931034482759,0.52,,Very high
AMP_02105,32,0.9754,96.84937500000001,0.57,,Very high
AMP_01647,35,0.9774,96.80799999999999,0.59,,Very high
AMP_03338,24,0.9547,96.71625,0.38,,Very high
AMP_01981,33,0.9725,96.66060606060606,0.58,,Very high
AMP_02712,28,0.9565,96.63214285714285,0.49,,Very high
AMP_02868,27,0.9817,96.59037037037037,0.44,,Very high
AMP_01418,36,0.9539,96.46666666666667,0.61,,Very high
AMP_02228,31,0.9672,96.43516129032257,0.55,,Very high
AMP_01453,36,0.9603,96.38388888888889,0.61,,Very high
AMP_01818,34,0.9766,96.04558823529412,0.54,,Very high
AMP_00844,41,0.9635,96.02878048780488,0.59,,Very high
AMP_00926,40,0.9589,95.9965,0.62,,Very high
AMP_02226,31,0.9577,95.99258064516131,0.5,,Very high
AMP_01646,35,0.9759,95.886,0.59,,Very high
AMP_08875,19,0.9591,95.8221052631579,0.04,,Very high
AMP_01413,36,0.9643,95.74805555555557,0.58,,Very high
AMP_00741,42,0.9795,95.6854761904762,0.6,,Very high
AMP_01431,36,0.9581,95.5875,0.58,,Very high
AMP_08874,19,0.9599,95.51052631578946,0.04,,Very high
AMP_01820,34,0.9839,95.45764705882353,0.53,,Very high
AMP_02841,27,0.9685,95.43777777777778,0.43,,Very high
AMP_03617,22,0.9591,95.43136363636364,0.25,,Very high
AMP_01008,39,0.9733,95.28051282051283,0.57,,Very high
AMP_02867,27,0.9738,95.2625925925926,0.41,,Very high
AMP_01294,37,0.957,94.9981081081081,0.57,,Very high
AMP_00549,44,0.9605,94.87477272727274,0.61,,Very high
AMP_01479,36,0.9755,94.80027777777777,0.56,,Very high
AMP_09310,18,0.9599,94.4238888888889,0.04,,Very high
AMP_01780,34,0.9712,94.03794117647058,0.56,,Very high
AMP_02417,30,0.9707,93.591,0.51,,Very high
AMP_09734,17,0.9642,93.57705882352941,0.04,,Very high
AMP_01411,36,0.9641,93.49916666666667,0.57,,Very high
AMP_02247,31,0.9623,92.75193548387095,0.51,,Very high
AMP_01644,35,0.9751,91.82114285714287,0.5,,Very high
AMP_02974,26,0.9666,91.65153846153846,0.35,,Very high
AMP_01439,36,0.9565,90.90333333333334,0.54,,Very high
AMP_02119,32,0.9654,90.88374999999999,0.51,,Very high
AMP_01617,35,0.9558,90.72285714285715,0.55,,Very high
AMP_01412,36,0.9625,90.65333333333334,0.54,,Very high
AMP_01114,38,0.9536,89.42815789473684,0.55,,Confident
AMP_02410,30,0.9554,88.71266666666665,0.44,,Confident
AMP_01619,35,0.9666,88.58771428571428,0.53,,Confident
AMP_01994,33,0.9665,88.46151515151516,0.47,,Confident
AMP_01618,35,0.9595,88.25485714285715,0.51,,Confident
AMP_01620,35,0.9571,88.11371428571428,0.54,,Confident
AMP_02238,31,0.9551,87.43161290322581,0.45,,Confident
AMP_01814,34,0.9579,87.10558823529412,0.47,,Confident
AMP_02116,32,0.9664,86.8875,0.45,,Confident
AMP_01658,35,0.9565,86.42857142857143,0.5,,Confident
AMP_02106,32,0.9608,86.353125,0.48,,Confident
AMP_01425,36,0.954,86.13277777777778,0.47,,Confident
AMP_01420,36,0.9501,85.3413888888889,0.53,,Confident
AMP_00940,40,0.9658,85.33399999999999,0.45,,Confident
AMP_10076,16,0.9594,84.10187499999999,0.03,,Confident
AMP_01005,39,0.9555,82.83692307692307,0.35,,Confident
AMP_01764,34,0.9529,81.01058823529412,0.44,,Confident
AMP_01010,39,0.97,79.37128205128207,0.33,,Confident
AMP_10386,15,0.9629,77.65,0.03,,Confident
AMP_10460,15,0.9629,75.79133333333334,0.03,,Confident
AMP_10073,16,0.967,72.989375,0.03,,Confident
AMP_01434,36,0.9611,70.88083333333333,0.29,,Confident
